{
	"pids_images": [
		{
			"id": "pids_hk_1",
			"showWeather": true,
			"showClock": true,
                                    "hideRow": [true, true, true, false],
			"background": "jsblock:custom_directory/pids_hk_1.png",
			"fonts": "mtr:mtr",
			"color": "1a2a41"
		},
		{
			"id": "pids_hk_1a",
			"showWeather": true,
			"showClock": true,
                                    "hideRow": [true, true, true, false],
			"background": "jsblock:custom_directory/pids_hk_1a.png",
			"fonts": "mtr:mtr",
			"color": "1a2a41"
		},
		{
			"id": "pids_hk_2",
			"showWeather": true,
			"showClock": true,
                                    "hideRow": [true, true, true, false],
			"background": "jsblock:custom_directory/pids_hk_2.png",
			"fonts": "mtr:mtr",
			"color": "1a2a41"
		},
		{
			"id": "pids_hk_3",
			"showWeather": true,
			"showClock": true,
                                    "hideRow": [true, true, true, false],
			"background": "jsblock:custom_directory/pids_hk_3.png",
			"fonts": "mtr:mtr",
			"color": "1a2a41"
		},
		{
			"id": "pids_hk_3a",
			"showWeather": true,
			"showClock": true,
                                    "hideRow": [true, true, true, false],
			"background": "jsblock:custom_directory/pids_hk_3a.png",
			"fonts": "mtr:mtr",
			"color": "1a2a41"
		},
		{
			"id": "pids_hk_4",
			"showWeather": true,
			"showClock": true,
                                    "hideRow": [true, true, true, false],
			"background": "jsblock:custom_directory/pids_hk_4.png",
			"fonts": "mtr:mtr",
			"color": "1a2a41"
		}
	]
}