{
	"pids_images": [{
			"id": "bsod_win7",
			"showWeather": false,
			"showClock": false,
			"hideRow": [true, true, true, true],
			"customTextPushArrival": false,
			"background": "jsblock:pids/bsod_win7.png",
			"fonts": "mtr:mtr",
			"color": "1a2a41"
		},
		{
			"id": "bsod_win10",
			"showWeather": false,
			"showClock": false,
			"hideRow": [true, true, true, true],
			"customTextPushArrival": false,
			"background": "jsblock:pids/bsod_win10.png",
			"fonts": "mtr:mtr",
			"color": "1a2a41"
		},
		{
			"id": "wnc",
			"showWeather": false,
			"showClock": false,
			"hideRow": [true, true, true, true],
			"customTextPushArrival": false,
			"background": "jsblock:pids/wnc.png",
			"fonts": "mtr:mtr",
			"color": "1a2a41"
		},
	]
}